{
  "upload_type": "dataset",
  "title": "PSI_YÉKIT Dataset v1.0: Monthly hydroclimatic and territorial predictors for systemic risk in the Jequitinhonha Valley, Brazil (2015-2024)",
  "creators": [
    {
      "name": "Yékit",
      "affiliation": "Medina, Minas Gerais, Brazil"
    }
  ],
  "description": "Monthly time series (2015-2024) of hydroclimatic variables (H), exposure indices (E), vulnerability metrics (V), and upstream land-use indicators (L) for municipalities in the Jequitinhonha Valley, Brazil. Includes observed systemic failures (Y) and Bayesian posterior estimates of latent instability state (Ψ). Data aggregated at municipal level (IBGE codes) to ensure k-anonymity (k≥5) compliance with LGPD.",
  "access_right": "open",
  "license": "CC-BY-4.0",
  "keywords": [
    "hydrology",
    "water security",
    "bayesian modeling",
    "land-use change",
    "Brazil",
    "Jequitinhonha",
    "silviculture",
    "systemic risk",
    "LGPD compliance"
  ],
  "related_identifiers": [
    {
      "identifier": "10.5281/zenodo.SOFTWARE_DOI_AQUI",
      "relation": "isCompiledBy",
      "resource_type": "software"
    },
    {
      "identifier": "https://github.com/jequitinhonha-analysis/psi-jeq-model",
      "relation": "isSupplementTo",
      "resource_type": "software"
    }
  ],
  "language": "por"
}
