dataset,file,table,field,type,unit,temporal_resolution,spatial_unit,allowed_range,missing_value_code,description,source,processing_notes
psi_yekit_v1,psi_yekit_inputs_monthly_long.csv,inputs,time,string,ISO-8601,monthly,municipio_ibge,NA,NA,"Timestamp de referência (YYYY-MM), UTC, primeiro dia do mês",NA,"Padronizado para início do mês; truncado conforme agregação temporal"
psi_yekit_v1,psi_yekit_inputs_monthly_long.csv,inputs,unit_id,string,NA,NA,municipio_ibge,NA,NA,"Identificador de município no formato BR-MG-IBGE-XXXXXX",IBGE,"Código IBGE de 6 dígitos; chave estável sem PII"
psi_yekit_v1,psi_yekit_inputs_monthly_long.csv,inputs,variable,string,NA,NA,NA,NA,NA,"Nome da variável preditora (ver dicionário expandido)",NA,"Vocabulário controlado: H_*, E_*, V_*, L_*"
psi_yekit_v1,psi_yekit_inputs_monthly_long.csv,inputs,value,float,variable-dependent,monthly,municipio_ibge,variable-dependent,NA,"Valor da variável (padronizado quando aplicável)",variable-dependent,"Ver processing_notes específico por variável"
psi_yekit_v1,psi_yekit_inputs_monthly_long.csv,inputs,unit,string,NA,NA,NA,NA,NA,"Unidade de medida da variável",NA,"SD (desvio-padrão), °C, index, proportion, etc."
psi_yekit_v1,psi_yekit_inputs_monthly_long.csv,inputs,quality_flag,string,NA,NA,NA,"{OK|MISSING_SOURCE|IMPUTED_INTERPOLATION|IMPUTED_REGRESSION|SUPPRESSED_LGPD_K<5}",NA,"Código de qualidade do dado",NA,"Vocabulário controlado; ver ANONYMIZATION.md"
psi_yekit_v1,psi_yekit_inputs_monthly_long.csv,inputs,source_key,string,NA,NA,NA,NA,NA,"Chave para sources_metadata.csv",NA,"Join com sources_metadata via source_key"
psi_yekit_v1,psi_yekit_labels_monthly.csv,labels,time,string,ISO-8601,monthly,municipio_ibge,NA,NA,"Timestamp de referência (YYYY-MM)",NA,"Mesmo padrão de inputs"
psi_yekit_v1,psi_yekit_labels_monthly.csv,labels,unit_id,string,NA,NA,municipio_ibge,NA,NA,"Identificador de município BR-MG-IBGE-XXXXXX",IBGE,"Mesmo padrão de inputs"
psi_yekit_v1,psi_yekit_labels_monthly.csv,labels,Y_failure,int,NA,monthly,municipio_ibge,"{0,1}",NA,"Desfecho observado: falha sistêmica (0=não, 1=sim)",ANA/DATASUS,"Regra: ruptura hídrica (vazão < Q7,10 por 7+ dias) OU saturação sanitária (CID-J > μ+2σ)"
psi_yekit_v1,psi_yekit_labels_monthly.csv,labels,failure_type,string,NA,monthly,municipio_ibge,"{hydric|sanitary|both|none}",NA,"Tipo de falha quando Y_failure=1",ANA/DATASUS,"hydric = ruptura hídrica; sanitary = saturação sanitária; both = ambos; none = Y_failure=0"
psi_yekit_v1,psi_yekit_labels_monthly.csv,labels,quality_flag,string,NA,NA,NA,"{OK|SUPPRESSED_LGPD_K<5}",NA,"Código de qualidade/privacidade",NA,"Células com <5 casos suprimidas por k-anonymity"
psi_yekit_v1,psi_yekit_posteriors_monthly.csv,posteriors,time,string,ISO-8601,monthly,municipio_ibge,NA,NA,"Timestamp de referência (YYYY-MM)",NA,"Mesmo padrão de inputs"
psi_yekit_v1,psi_yekit_posteriors_monthly.csv,posteriors,unit_id,string,NA,NA,municipio_ibge,NA,NA,"Identificador de município BR-MG-IBGE-XXXXXX",IBGE,"Mesmo padrão de inputs"
psi_yekit_v1,psi_yekit_posteriors_monthly.csv,posteriors,psi_median,float,NA,monthly,municipio_ibge,"(-inf,+inf)",NA,"Estado latente Ψ: mediana posterior",PSI_YÉKIT_1.0,"Variável inferida (não observada); output do modelo Bayesiano"
psi_yekit_v1,psi_yekit_posteriors_monthly.csv,posteriors,psi_q025,float,NA,monthly,municipio_ibge,"(-inf,+inf)",NA,"Estado latente Ψ: quantil 2.5% posterior (IC95% lower)",PSI_YÉKIT_1.0,"Intervalo de credibilidade 95%"
psi_yekit_v1,psi_yekit_posteriors_monthly.csv,posteriors,psi_q975,float,NA,monthly,municipio_ibge,"(-inf,+inf)",NA,"Estado latente Ψ: quantil 97.5% posterior (IC95% upper)",PSI_YÉKIT_1.0,"Intervalo de credibilidade 95%"
psi_yekit_v1,psi_yekit_posteriors_monthly.csv,posteriors,p_failure,float,probability,monthly,municipio_ibge,"[0,1]",NA,"Probabilidade estimada de falha sistêmica P(Y=1|Ψ)",PSI_YÉKIT_1.0,"Derivada da equação de observação: p = logit⁻¹(γ₀ + γ₁·Ψ)"
psi_yekit_v1,psi_yekit_posteriors_monthly.csv,posteriors,model_version,string,NA,NA,NA,NA,NA,"Versão do modelo PSI_YÉKIT usado",PSI_YÉKIT_1.0,"v4.0"
psi_yekit_v1,psi_yekit_posteriors_monthly.csv,posteriors,software_doi,string,DOI,NA,NA,NA,NA,"DOI do software no Zenodo",Zenodo,"10.5281/zenodo.XXXXXX (preencher após publicação)"
psi_yekit_v1,psi_yekit_posteriors_monthly.csv,posteriors,run_commit,string,git-hash,NA,NA,NA,NA,"Commit hash do código usado para gerar estas estimativas",GitHub,"SHA-1 hash (40 caracteres); rastreabilidade de versão"
psi_yekit_v1,units_metadata.csv,units,unit_id,string,NA,NA,municipio_ibge,NA,NA,"Identificador único de município",IBGE,"BR-MG-IBGE-XXXXXX"
psi_yekit_v1,units_metadata.csv,units,unit_type,string,NA,NA,NA,"{municipio}",NA,"Tipo de unidade espacial",NA,"Sempre 'municipio' na v1.0"
psi_yekit_v1,units_metadata.csv,units,name,string,NA,NA,NA,NA,NA,"Nome oficial do município",IBGE,"Nomenclatura oficial IBGE"
psi_yekit_v1,units_metadata.csv,units,ibge_code,string,NA,NA,NA,NA,NA,"Código IBGE de 6 dígitos",IBGE,"Formato: XXXXXX"
psi_yekit_v1,units_metadata.csv,units,area_km2,float,km²,NA,municipio_ibge,"(0,+inf)",NA,"Área territorial do município",IBGE,"Área oficial IBGE (território terrestre)"
psi_yekit_v1,units_metadata.csv,units,region,string,NA,NA,NA,"{Alto|Médio|Baixo}",NA,"Região do Jequitinhonha (classificação hidropolítica)",Yékit,"Classificação para contexto; Alto = nascentes/chapadas; Médio = área de estudo principal"
psi_yekit_v1,sources_metadata.csv,sources,source_key,string,NA,NA,NA,NA,NA,"Chave única para identificação da fonte",NA,"Join com inputs via source_key"
psi_yekit_v1,sources_metadata.csv,sources,variable_pattern,string,regex,NA,NA,NA,NA,"Padrão regex das variáveis associadas a esta fonte",NA,"Ex: 'H_spei.*' para todas variáveis SPEI"
psi_yekit_v1,sources_metadata.csv,sources,source_name,string,NA,NA,NA,NA,NA,"Nome da fonte primária",NA,"Ex: CMIP6, MapBiomas, INMET, ANA, DATASUS"
psi_yekit_v1,sources_metadata.csv,sources,source_version,string,NA,NA,NA,NA,NA,"Versão ou coleção da fonte",NA,"Ex: Collection 9, SSP2-4.5, Coleção Hidroweb"
psi_yekit_v1,sources_metadata.csv,sources,access_date,string,ISO-8601,NA,NA,NA,NA,"Data de acesso/download (YYYY-MM-DD)",NA,"Timestamp de obtenção dos dados"
psi_yekit_v1,sources_metadata.csv,sources,license,string,SPDX,NA,NA,NA,NA,"Licença da fonte primária",NA,"Ex: CC-BY-4.0, CC-BY-SA-4.0, Public Domain"
psi_yekit_v1,sources_metadata.csv,sources,url,string,URL,NA,NA,NA,NA,"URL persistente da fonte",NA,"Preferir DOI quando disponível"
psi_yekit_v1,sources_metadata.csv,sources,citation,string,NA,NA,NA,NA,NA,"Citação recomendada pela fonte",NA,"Formato conforme orientação do provedor"
psi_yekit_v1,sources_metadata.csv,sources,processing_script,string,filepath,NA,NA,NA,NA,"Caminho relativo para script de processamento",GitHub,"Ex: scripts/02_prepare_L_vector.R"
