source_key,variable_pattern,source_name,source_version,access_date,license,url,citation,processing_script
cmip6_ensemble,"^H_.*",CMIP6 (ensemble),SSP2-4.5,YYYY-MM-DD,CC-BY-4.0,NA,NA,scripts/01_download_climate_data.R
mapbiomas_col9,"^L_.*",MapBiomas,Collection 9,YYYY-MM-DD,CC-BY-4.0,https://plataforma.brasil.mapbiomas.org/,"MapBiomas Project - Collection 9 of the Annual Land Use and Land Cover Maps of Brazil, accessed on YYYY-MM-DD through the link: https://plataforma.brasil.mapbiomas.org/",scripts/02_prepare_L_vector.R
ana_hidroweb,"^(E_|Y_|Q_).*$",ANA HidroWeb,NA,YYYY-MM-DD,NA,NA,NA,scripts/03_download_hydrology_data.R
datasus_sih,"^Y_.*",DATASUS (SIH/SUS),NA,YYYY-MM-DD,NA,NA,NA,scripts/04_prepare_health_data.R
ibge,"^E_population.*$",IBGE,NA,YYYY-MM-DD,NA,https://www.ibge.gov.br/,NA,scripts/05_prepare_population_data.R
